iv,type,B_D,W_D,theta_D,dfcom,T_D,gamma_D,nu,nu2,nu_improved,L,U,sqrt_T_D,OR,lci,uci,model
(Intercept),Conditional,9.350434734436352e-6,0.004408434813416458,-0.9757823358033252,953,0.004418720291624338,0.0023277052017472255,17313.901659367373,1661064.7239653051,948.250977250269,-1.1060680095275386,-0.8454966620791117,0.06647345554147413,"0.38 	 (0.33, 0.43)",0.330857334693803,0.429344066331491,M0
control_joint,Conditional,1.5102608653053377e-5,0.012826907580620052,-0.09364178189368055,953,0.012843520450138412,0.001293482544980857,55052.17773770046,5379245.491107581,949.6085003281501,-0.3157630936236089,0.12847952983624777,0.1133292568145508,"0.91 	 (0.73, 1.14)",0.7292321894608488,1.1370981444677564,M0
(Intercept),Conditional,0.06873640525046433,0.6479545444667052,-3.011296387337069,929,0.723564590242216,0.10449660858915169,31.034999996601744,824.2104525904332,413.5816568092045,-4.680944549271102,-1.3416482254030362,0.8506259990396579,"0.05 	 (0.01, 0.26)",0.009270253539202578,0.26141444337349096,M1
age,Conditional,6.56634717180143e-6,5.801587343495698e-5,0.0173543579054431,929,6.523885532393856e-5,0.11071595068792067,29.264168907477004,734.2130886448253,388.3424332191101,0.0014974767807365043,0.03321123903014969,0.00807705734311318,"1.02 	 (1.00, 1.03)",1.0014985985589666,1.0337688885159582,M1
balance_impairment,Conditional,0.0061162965124755804,0.010560279183261686,-0.09451715835650246,929,0.017288205346984824,0.38916278634419005,12.04704706147269,59.42646556359392,53.78216721242527,-0.35757777602586416,0.16854345931285916,0.13148462019181112,"0.91 	 (0.70, 1.18)",0.6993683027401938,1.183579663286035,M1
bmi,Conditional,6.309158664217725e-6,7.987459052140374e-5,0.016426703059799225,929,8.681466505204323e-5,0.0799412694442707,41.638047313884734,1408.3170220216014,531.19797777789,-0.0018508495755910764,0.03470425569518952,0.009317438760305496,"1.02 	 (1.00, 1.04)",0.9981508621902481,1.0353134754544122,M1
control_joint,Conditional,4.295573685163589e-4,0.011077074001458112,-0.021050277600962227,929,0.011549587106826107,0.040911688097380314,100.6584361486083,5377.095006727172,762.9331162904675,-0.2317330812616843,0.18963252605975983,0.10746900533096092,"0.98 	 (0.79, 1.21)",0.7931578037349487,1.2088053115796438,M1
fall_any,Conditional,1.4375384094492905e-4,0.009652001212077169,0.6277764917368447,929,0.009810130437116591,0.016118972734668304,454.18463052063134,34639.19479572603,888.6651329405298,0.433642914440371,0.8219100690333183,0.09904610258418345,"1.87 	 (1.54, 2.27)",1.542867833915257,2.2748407934051422,M1
female,Conditional,1.310797840137607e-4,0.011538450735673169,-0.00819693037190846,929,0.011682638498088305,0.01234205461709108,729.3853944977153,59083.6860140182,901.5941031702222,-0.22004643706028673,0.20365257631646977,0.10808625489898475,"0.99 	 (0.80, 1.23)",0.8024815322139389,1.2258721824351257,M1
heavydrinker,Conditional,0.009060417122139843,0.02174652290299564,-0.04525583821196382,929,0.03171298173734947,0.3142706326669998,13.356037295842146,91.12444784154339,79.6994820253334,-0.3989861362210672,0.3084744597971395,0.17808139076655222,"0.96 	 (0.67, 1.36)",0.6710000038846794,1.3613467400316817,M1
hh_size,Conditional,1.2480638045927984e-4,0.01107256779814393,0.16267087525020846,929,0.011209854816649137,0.012246993449130666,739.6119722969314,60004.46091441819,901.8907635552124,-0.04484763706210812,0.370189387562525,0.1058766018374652,"1.18 	 (0.96, 1.45)",0.9561431515150978,1.4480088235582362,M1
hh_wealthquintileHigh,Conditional,1.769280317224023e-4,0.022728421277231188,-0.1790731036116203,929,0.02292304211212583,0.008490183542946598,1446.6555311680756,124855.6935357935,912.4191306482228,-0.47582153179534625,0.11767532457210558,0.1514035736438405,"0.84 	 (0.62, 1.12)",0.6213743679202445,1.1248788315558969,M1
hh_wealthquintileHighest,Conditional,4.1535533588085965e-4,0.023503127531664288,-0.06787759153550561,929,0.023960018401133234,0.019068886418189733,339.7546289106112,24750.94844688944,877.1053299908399,-0.37127572379310925,0.23552054072209805,0.15479024000605862,"0.93 	 (0.69, 1.27)",0.6898537062532156,1.2655673766580071,M1
hh_wealthquintileLow,Conditional,4.931668585220216e-4,0.0211675926279184,-0.1834392162913653,929,0.021710076172292623,0.024987638922546282,216.26456105720476,14414.250529469407,850.511575105254,-0.47225121617449295,0.10537278359176236,0.1473433954145642,"0.83 	 (0.62, 1.11)",0.6235968356271692,1.1111247422324306,M1
hh_wealthquintileMedium,Conditional,3.285926629430763e-4,0.020693238148617846,-0.28833323983405923,929,0.02105469007785523,0.017167288043700515,407.03448304169154,30537.896672506773,884.697472937318,-0.5727398794944389,-0.0039266001736796285,0.14510234346093528,"0.75 	 (0.56, 1.00)",0.563978087891824,0.9960810988405023,M1
htn,Conditional,2.2034801433293904e-4,0.01933589020878091,0.20549129207024705,929,0.019578273024547142,0.01238019387421631,725.3462945160841,58720.212401929515,901.47467230104,-0.068757190479281,0.47973977461977513,0.13992238214291217,"1.23 	 (0.93, 1.62)",0.933553328197113,1.615653913330421,M1
iadl_some4,Conditional,2.534928884979945e-4,0.0024033731045666573,0.1787133800368509,929,0.0026822152819144514,0.10395965574723304,31.200433644310646,832.7465536577969,415.8447603068228,0.07705888656414092,0.28036787350956083,0.05179010795426527,"1.20 	 (1.08, 1.32)",1.0801056782322351,1.3236166462862724,M1
laborforceFormal,Conditional,3.975028361815191e-4,0.17338379331020257,-0.5385437277796674,929,0.17382104643000224,0.0025155361147578465,14873.966505930923,1422267.8596103273,924.0737414528406,-1.3556896930248152,0.2786022374654804,0.41691851293748305,"0.58 	 (0.26, 1.32)",0.2577694513376996,1.3212816829813292,M1
laborforceRetired,Conditional,2.3137557086095342e-4,0.031148902926588406,-0.12582154806885176,929,0.031403416054535456,0.008104631913453586,1577.3503170546346,137017.46199249697,913.3640112143505,-0.4731500106582907,0.22150691452058713,0.1772100901600568,"0.88 	 (0.62, 1.25)",0.6230366020363388,1.247955877207537,M1
moderate_pa,Conditional,3.2689555926049225e-5,0.012016330016586328,-0.1921296331095127,929,0.012052288528104983,0.0029835422073410996,10660.8968743647,1011062.8130503143,923.3965724117697,-0.4073004511252345,0.023041184906209072,0.10978291546549938,"0.83 	 (0.67, 1.02)",0.6654442267966736,1.0233086835515182,M1
polypharmacy,Conditional,1.659221211384156e-5,0.0019309935441972456,-0.10663585773970967,929,0.0019492449775224713,0.009363334796647083,1206.8583475941068,102655.30666943884,910.1843039013465,-0.1931697868656107,-0.020101928613808634,0.04415025455784453,"0.90 	 (0.82, 0.98)",0.8243419998122039,0.9800987681064138,M1
raceWhite,Conditional,0.0010962290820940494,0.1595943141003045,0.22829595110619458,929,0.16080016609060796,0.007499071795883462,1823.7128428759231,160039.6107288556,914.7956638144259,-0.5576535128081217,1.0142454150205107,0.40099896021138004,"1.26 	 (0.57, 2.76)",0.5725509723708883,2.757282008594786,M1
rxdiabi,Conditional,2.8696103865425375e-4,0.016451737125431444,0.16446052350293391,929,0.016767394267951125,0.018825652780350022,347.28940355848727,25394.661065395998,878.1040776801071,-0.08934529795372922,0.418266344959597,0.1294889735381014,"1.18 	 (0.91, 1.52)",0.9145297338024702,1.5193252851485193,M1
smokeCurrent,Conditional,1.2164201832888669e-4,0.026136550216261205,0.17970492928450288,929,0.02627035643642298,0.005093429945863144,3794.4868603346285,346914.00661470956,919.8393655855493,-0.13796974179233595,0.4973796003613417,0.1620813266123614,"1.20 	 (0.87, 1.64)",0.8711250500296843,1.6444066176047214,M1
smokeFormer,Conditional,9.837238618709229e-5,0.011889459998286655,-0.11965449099097297,929,0.011997669623092457,0.009019220249032827,1293.2869440209547,110638.05298222083,911.0807127257773,-0.3343392883622065,0.09503030638026055,0.10953387431791343,"0.89 	 (0.72, 1.10)",0.7158108747223598,1.099692182310534,M1
vigorous_pa,Conditional,2.0734917269276903e-4,0.034185122495613444,0.05148384948670131,929,0.03441320658557549,0.006627806955299795,2300.530040529599,204881.52992953054,916.7420208922412,-0.3121072366825063,0.41507493565590886,0.18550796906218206,"1.05 	 (0.73, 1.51)",0.7319030371662053,1.5144842253087603,M1
vision_impairment,Conditional,3.3056363907267816e-4,0.023781806539368212,-0.042565097501685134,929,0.024145426542348157,0.015059580842036504,511.7039031307324,39684.11879939324,892.5113454421461,-0.3471292450889023,0.26199905008553204,0.15538798712367746,"0.96 	 (0.71, 1.30)",0.7067139830433495,1.299525307990904,M1
wave,Conditional,1.206787012019754e-5,5.517947789607337e-4,-0.022626052524930607,929,5.65069436092951e-4,0.02349208129889666,239.32896273781668,16307.95555491447,857.6237718654063,-0.06922018540976996,0.023968080359908744,0.023771189202329592,"0.98 	 (0.93, 1.02)",0.9331211977836315,1.0242576234341259,M1
(Intercept),Conditional,0.0072710838667909014,0.2683161818479932,-1.741250704303936,928,0.2763143741014632,0.028945986901618953,170.67151862930587,10741.521126151682,829.7422671644852,-2.7716339049092342,-0.7108675036986378,0.5256561367486003,"0.18 	 (0.06, 0.49)",0.0625597045821081,0.4912178792443047,M2
balance_impairment,Conditional,0.006240324719650412,0.010602900021834408,-0.09617558153112353,928,0.017467257213449862,0.39298426236775574,11.995065778956478,58.27632973268188,52.802026815375115,-0.36070336762142363,0.16835220455917654,0.13216375151095652,"0.91 	 (0.70, 1.18)",0.6971857756718967,1.1833533196944033,M2
bmi,Conditional,5.367425937674022e-6,8.005894213892059e-5,0.014797565002214401,928,8.596311067036201e-5,0.06868258355705406,49.9554868757192,1907.8721263527602,593.9332448033515,-0.0033860302363139597,0.03298116024074276,0.009271629342804965,"1.01 	 (1.00, 1.03)",0.9966196958992873,1.0335310675813874,M2
control_joint,Conditional,3.115630946603017e-4,0.022264699156842697,-0.03632941090010539,928,0.02260741856096903,0.015159599190949901,505.7749749682806,39162.19913501436,891.2148731813314,-0.33103406960284565,0.2583752478026348,0.15035763552599857,"0.96 	 (0.72, 1.29)",0.7181807004925186,1.2948246075617067,M2
control_joint:ge75,Conditional,6.242901464124454e-4,0.04322608141904372,0.0186519725127193,928,0.043912800580097416,0.015638245613624823,478.89797029296255,36801.57873828429,889.4937708638923,-0.39207946247618464,0.4293834075016232,0.20955381308889948,"1.02 	 (0.68, 1.54)",0.6756504229718003,1.5363099542532688,M2
fall_any,Conditional,1.4531394570755306e-4,0.009506013621630878,0.6274092716155524,928,0.009665858961909185,0.016537106625310823,434.34815992929265,32909.664606201695,886.1704188214205,0.4347081285078071,0.8201104147232976,0.09831510037582826,"1.87 	 (1.54, 2.27)",1.5445121940784416,2.2707505479845222,M2
female,Conditional,1.483278160060383e-4,0.011477528395801281,-0.008488015695763717,928,0.011640688993407923,0.014016403814159056,580.9783716316181,45810.95097866481,895.1858196522552,-0.21995808554123433,0.20298205414970688,0.10789202469787988,"0.99 	 (0.80, 1.23)",0.8025524358084954,1.225050483477654,M2
ge75,Conditional,0.0010601451851793297,0.014542484275289423,0.18288340728214617,928,0.015708643978986685,0.07423681542832243,45.442720726987844,1633.0663966428745,562.1613961605843,-0.06294917140819864,0.42871598597249094,0.1253341293462666,"1.20 	 (0.94, 1.54)",0.9389912000766042,1.5352849300140525,M2
heavydrinker,Conditional,0.009336660689030607,0.02221459514346589,-0.03882228257810033,928,0.03248492190139956,0.3161567323174383,13.314445281133569,90.0404467182364,78.83145386537271,-0.3968898468252033,0.3192452816690025,0.18023573980040572,"0.96 	 (0.67, 1.38)",0.6724080894392114,1.3760888128752589,M2
hh_size,Conditional,6.986427708445168e-5,0.011122219634832314,0.14301269502511052,928,0.011199070339625212,0.006862239673678908,2154.5848076922584,191122.02785245085,915.2479239170874,-0.06440310100038646,0.35042849105060747,0.10582566011901468,"1.15 	 (0.94, 1.42)",0.9376269649752238,1.419675736630297,M2
hh_wealthquintileHigh,Conditional,1.9832225012353483e-4,0.02256092486873664,-0.17191429610071704,928,0.02277907934387253,0.009576966296250726,1157.7115020498172,98126.56389207789,908.6454740764082,-0.46773020847000235,0.12390161626856824,0.15092739759193002,"0.84 	 (0.63, 1.13)",0.6264225043476245,1.1319045045321603,M2
hh_wealthquintileHighest,Conditional,4.271388788270748e-4,0.023682697660036393,-0.06098171557632345,928,0.024152550426746175,0.019453546661038098,328.3834156187108,23781.811223947825,874.6000045956987,-0.3655970019462499,0.24363357079360295,0.15541090832610874,"0.94 	 (0.69, 1.28)",0.6937823378114836,1.2758767263264874,M2
hh_wealthquintileLow,Conditional,4.956034723829001e-4,0.021590066269411522,-0.1769859709856658,928,0.022135230089032714,0.024628784856919154,221.44025981299762,14837.35676452198,851.3740184856138,-0.4686115006251226,0.11463955865379086,0.14877913190038686,"0.84 	 (0.63, 1.12)",0.6258706863009252,1.1214691408668251,M2
hh_wealthquintileMedium,Conditional,3.118953676634876e-4,0.021079343802570347,-0.28455462775944484,928,0.021422428707000184,0.01601521980174577,459.3383929056433,35089.46141842666,888.1143743498819,-0.5714327468461697,0.0023234913272800473,0.14636402804992826,"0.75 	 (0.56, 1.00)",0.5647157640786972,1.0023261927250737,M2
htn,Conditional,1.417599826553384e-4,0.019718324916142626,0.21477272268729924,928,0.019874260897063498,0.007846127296432564,1675.7088969781732,146194.7610087815,913.0032368961585,-0.06153764447623139,0.4910830898508299,0.14097610044636466,"1.24 	 (0.94, 1.63)",0.9403175473115954,1.6340851228540234,M2
iadl_some4,Conditional,2.152132241359777e-4,0.002453312470846434,0.1835552467822254,928,0.002690047017396009,0.08800386945605759,37.31916031538346,1162.0878838522897,489.0854001382889,0.08179442852701717,0.2853160650374336,0.05186566318284197,"1.20 	 (1.09, 1.33)",1.0852326940137738,1.3301823858333583,M2
laborforceFormal,Conditional,3.982011142314964e-4,0.17179264657752463,-0.5851096032156469,928,0.17223066780317928,0.002543224335373334,14558.954911627916,1391467.8241805804,923.0386927504619,-1.3985087481867782,0.22828954175548433,0.41500682862234844,"0.56 	 (0.25, 1.26)",0.24696497644267432,1.2564490672391875,M2
laborforceRetired,Conditional,1.9351679340487839e-4,0.030074022294669468,-0.14023923001038552,928,0.030286890767414833,0.007028402960874014,2059.7029103471887,182191.9580778824,914.8808188555248,-0.48133656151142584,0.2008581014906547,0.17403129249481208,"0.87 	 (0.62, 1.22)",0.6179569021908844,1.2224512954990236,M2
moderate_pa,Conditional,3.129196981773095e-5,0.01185896686310325,-0.20216164497141298,928,0.011893388029902755,0.002894143091351362,11311.944450055978,1074490.3273674587,922.5337017991516,-0.4159093076169197,0.01158601767409373,0.10905681102023274,"0.82 	 (0.66, 1.01)",0.6597401011732432,1.0116533955391471,M2
polypharmacy,Conditional,1.566867589922014e-5,0.0020235167436532375,-0.11151779458920216,928,0.0020407522871423796,0.008445681329249768,1460.8534711905195,126174.94615392806,911.5522470165084,-0.20005940221243107,-0.02297618696597327,0.045174686353558445,"0.89 	 (0.82, 0.98)",0.8186821201043311,0.977285755635142,M2
raceWhite,Conditional,9.329882478739089e-4,0.1572145929124059,0.24383291167709467,928,0.1582408799850672,0.006485600135427382,2396.7213395566077,213964.72076069974,916.0618747296917,-0.5358354162587066,1.0235012396128957,0.3977950225745254,"1.28 	 (0.59, 2.78)",0.5851802168159316,2.78292140103336,M2
rxdiabi,Conditional,2.707014982442962e-4,0.016318360943477477,0.17797250766984835,928,0.016616132591546203,0.017920635047184403,377.93219191232794,28024.36097340403,880.8282739339951,-0.074684776176481,0.4306297915161777,0.1289035786607424,"1.19 	 (0.93, 1.54)",0.9280359792755087,1.5382259802256815,M2
smokeCurrent,Conditional,1.322826813618984e-4,0.025318297019273493,0.15243300109512894,928,0.025463807968771582,0.005714422197832336,3046.901569617353,275611.83407455846,917.6493336923867,-0.16032733667736546,0.46519333886762326,0.15957383234343775,"1.16 	 (0.85, 1.59)",0.851864896698018,1.5923220168642183,M2
smokeFormer,Conditional,1.0190002526007273e-4,0.012070811538997715,-0.11396788385363281,928,0.012182901566783795,0.009200601939663463,1246.5533388102572,106318.790259165,909.6368430407255,-0.3303036882785783,0.10236792057131265,0.1103761820629061,"0.89 	 (0.72, 1.11)",0.7187054378694706,1.107790975847491,M2
vigorous_pa,Conditional,1.5300221486238953e-4,0.03429188373104701,0.03654498248560738,928,0.034460186167395636,0.004883967704964611,4112.075594373764,377308.8069356704,919.2388445719149,-0.3272932170254103,0.4003831819966251,0.18563455003688198,"1.04 	 (0.72, 1.49)",0.7208723399914042,1.4923964475426656,M2
vision_impairment,Conditional,3.729025206933597e-4,0.023215631409772643,0.0043999903605659385,928,0.023625824182535338,0.017362051355055714,399.1630062899897,29856.605961238598,883.0176606440805,-0.2968722945229194,0.3056722752440513,0.15370694253199932,"1.00 	 (0.74, 1.36)",0.7431389092113252,1.3575373350459674,M2
wave,Conditional,1.2097854612524667e-5,5.793240185107509e-4,-0.018315356828674835,928,5.92631658584528e-4,0.022455162293492367,257.922215023992,17848.844786585007,861.520395028971,-0.06603200906449697,0.02940129540714729,0.024344027164471534,"0.98 	 (0.94, 1.03)",0.9361009000979716,1.0298377807362278,M2
(Intercept),Conditional,0.0884605303570524,0.6478796919763656,-3.1059683821264787,928,0.7451862753691233,0.13058021411432658,24.974390700605408,527.8223265609129,318.808760559242,-4.801779630309218,-1.4101571339437395,0.8632417247614502,"0.04 	 (0.01, 0.24)",0.008215114166157287,0.24410492297044,M3
age,Conditional,8.645010525451732e-6,5.863392516895662e-5,0.018074948754327507,928,6.814343674695353e-5,0.13955139382402879,23.520032742872505,462.14063034778195,292.492286268647,0.0018531510356137142,0.034296746473041304,0.008254903799981774,"1.02 	 (1.00, 1.03)",1.001854869181158,1.0348916616177017,M3
balance_impairment,Conditional,0.010120247951220213,0.01032626883545083,-0.1165748079718004,928,0.021458541581793063,0.5187804913912527,10.747114923428912,33.44069055242195,31.106335790092405,-0.4144564157096064,0.1813067997660055,0.14648734273579087,"0.89 	 (0.66, 1.20)",0.6606993288855224,1.198782909196624,M3
bmi,Conditional,8.167568254241803e-6,7.953530770988392e-5,0.01576055644733186,928,8.85196327895499e-5,0.10149528185488157,31.98810104469962,873.6767962081224,426.17016606765446,-0.00270532119884756,0.03422643409351128,0.009408487274240738,"1.02 	 (1.00, 1.03)",0.9972983348848435,1.0348188984805222,M3
control_joint,Conditional,1.0723047423330046e-4,0.02107491031011713,0.2235196168480182,928,0.02119286383177376,0.0055657188472936206,3203.717711598811,290536.01883465826,917.9431366818017,-0.06180860121423476,0.5088478349102711,0.1455776900207369,"1.25 	 (0.94, 1.66)",0.9400627964510783,1.6633736094664902,M3
control_joint:female,Conditional,0.0031674495944040396,0.041092733432884235,-0.450838147175779,928,0.04457692798672868,0.07816138776727163,42.74822009435758,1473.1873668375358,540.4616395554096,-0.864990482988653,-0.03668581136290516,0.2111324891785456,"0.64 	 (0.42, 0.96)",0.42105555979879333,0.9639789590100052,M3
fall_any,Conditional,1.412170344168892e-4,0.009576767800348383,0.6379370068325876,928,0.00973210653820696,0.015961471162357178,462.0462011774505,35326.17973395046,888.3123246409206,0.44457711316566306,0.8312969004995121,0.09865143961548134,"1.89 	 (1.56, 2.30)",1.5598304245878563,2.296294875942753,M3
female,Conditional,4.748602934171774e-5,0.014842386205274638,0.1349995408127164,928,0.014894620837550528,0.0035069460878253337,7787.094316156103,731786.3938565475,921.5968861189218,-0.10420175907982424,0.374200840705257,0.12204352026039944,"1.14 	 (0.90, 1.45)",0.9010434853762149,1.4538291092008861,M3
heavydrinker,Conditional,0.006647177225436874,0.02126608587996121,-0.047826460468505,928,0.02857798082794177,0.2558576476064903,14.99646536648289,137.48195659572633,114.61461531993946,-0.3821012235668586,0.28644830262984855,0.16905023167077227,"0.95 	 (0.68, 1.33)",0.6824259721181173,1.3316893212788612,M3
hh_size,Conditional,1.423600395891694e-4,0.011023581942807486,0.1523302745466556,928,0.011180177986355573,0.014006578762806648,581.7023617349037,45875.242596944874,895.2190818337227,-0.054914652308379774,0.35957520140169097,0.10573636075804564,"1.16 	 (0.95, 1.43)",0.9465659317233196,1.4327206675407145,M3
hh_wealthquintileHigh,Conditional,1.4726503649041108e-4,0.022418320118576134,-0.17471900442879185,928,0.022580311658715584,0.007174017019243685,1981.814548993795,174870.96400446672,914.5550942434487,-0.4692398664461015,0.11980185758851769,0.1502674670669456,"0.84 	 (0.63, 1.13)",0.6254775340879438,1.1272734687658006,M3
hh_wealthquintileHighest,Conditional,4.7491303699483204e-4,0.023456281498727596,-0.07101801914498564,928,0.02397868583942191,0.021786195631933337,271.267078154871,18961.806534836374,864.5323551204873,-0.37453885009263416,0.2325028118026629,0.1548505274108613,"0.93 	 (0.69, 1.26)",0.6876062952686618,1.261753994157239,M3
hh_wealthquintileLow,Conditional,4.6847859074359004e-4,0.020749535972987645,-0.19357608435187498,928,0.021264862422805595,0.02423370721012918,227.3898537165037,15325.081630125946,853.2578452570136,-0.4794099489978041,0.0922577802940541,0.14582476615035456,"0.82 	 (0.62, 1.10)",0.6191486133056778,1.0966474797572678,M3
hh_wealthquintileMedium,Conditional,3.2010404503720697e-4,0.0202542764035557,-0.290324601732608,928,0.02060639085309663,0.017087633251798368,410.32808447047296,30823.2678939575,884.0771874758477,-0.5716870353479562,-0.00896216811725975,0.14354926280931096,"0.75 	 (0.56, 0.99)",0.5645721816095736,0.9910778724055072,M3
htn,Conditional,3.312202831013364e-4,0.01856140175782179,0.2065744255449986,928,0.01892574406923326,0.019251148598366876,334.2858514481885,24284.502835717405,875.4404698013004,-0.06307296302144688,0.47622181411144404,0.1375708692610222,"1.23 	 (0.94, 1.61)",0.9388749680355452,1.6099800926583427,M3
iadl_some4,Conditional,2.4025267620347843e-4,0.002473144743456355,0.18007414301726477,928,0.0027374226872801813,0.09654261471998125,33.726313313370255,965.6158718440773,448.24710485276154,0.07739937641484232,0.2827489096196872,0.05232038500699494,"1.20 	 (1.08, 1.33)",1.0804735058705934,1.3267719803084477,M3
laborforceFormal,Conditional,6.341889768423315e-4,0.17534003672625018,-0.5250315243316321,928,0.17603764460077673,0.003962833495691334,6147.09434801255,573100.5946121229,920.8548296592095,-1.3473722195561133,0.29730917089284903,0.41956840276738755,"0.59 	 (0.26, 1.35)",0.25992238297442494,1.346231450693449,M3
laborforceRetired,Conditional,2.817329986102776e-4,0.032616104234404586,-0.11868238457328227,928,0.03292601053287589,0.009412203101917583,1195.3279633166321,101592.09804531881,909.0824387435746,-0.47433239159547463,0.23696762244891006,0.18145525766115428,"0.89 	 (0.62, 1.27)",0.6223003707736008,1.2674000818000652,M3
moderate_pa,Conditional,2.2140910798610117e-5,0.0120140798308931,-0.2149419275290823,928,0.012038434832771571,0.0020231036855531126,22797.077718525663,2198903.785505186,923.7448155061102,-0.429988905155159,1.0505009699432466e-4,0.10971980146159385,"0.81 	 (0.65, 1.00)",0.6505163120608277,1.000105055614949,M3
polypharmacy,Conditional,1.7997667251698946e-5,0.001929213631843871,-0.10723056274162228,928,0.0019490110658207398,0.010157681669463499,1039.0499839587774,87227.47733845846,907.0687417169564,-0.19375948007305388,-0.02070164541019069,0.04414760543699669,"0.90 	 (0.82, 0.98)",0.8238560342336874,0.9795111626291159,M3
raceWhite,Conditional,0.0010634754781409094,0.148778552814875,0.21885137230937968,928,0.14994837584083,0.007801505147323276,1693.661433498278,147871.9195961034,913.1087229142984,-0.5401149911417147,0.977817735760474,0.38723168238256284,"1.24 	 (0.58, 2.66)",0.5826812453397985,2.6586480341819287,M3
rxdiabi,Conditional,3.169208160086211e-4,0.016224178797232352,0.1540873946467497,928,0.016572791694841837,0.021035254894200262,287.7016944416004,20339.812801951444,867.8484182861171,-0.09824428073563585,0.40641907002913524,0.12873535526358654,"1.17 	 (0.91, 1.50)",0.9064274539418112,1.5014316256310547,M3
smokeCurrent,Conditional,1.0369734038534568e-4,0.026275492595078633,0.21321451882211226,928,0.026389559669502512,0.004322431895508418,5199.184883034596,481710.5866304593,920.2424820931326,-0.10517975908356239,0.5316087967277869,0.16244863701952847,"1.24 	 (0.90, 1.70)",0.9001626956205461,1.7016677451480624,M3
smokeFormer,Conditional,1.0266248443045209e-4,0.011630307275828,-0.11494289152734805,928,0.011743236008701499,0.009616491807694184,1148.9664614746969,97321.585937614,908.5399638643466,-0.3273394066650237,0.09745362361032758,0.10836621248664871,"0.89 	 (0.72, 1.10)",0.7208390439267853,1.102360316886231,M3
vigorous_pa,Conditional,2.3585820033333518e-4,0.035887305882447686,0.036307838282235244,928,0.03614674990281436,0.007177520000116764,1979.9978451029706,174700.31448759214,914.5472122438268,-0.33632894912694655,0.4089446256914171,0.19012298625577698,"1.04 	 (0.71, 1.51)",0.714388069828864,1.5052283671976727,M3
vision_impairment,Conditional,4.734497294638285e-4,0.023419076877357888,-0.05231287575790108,928,0.0239398715797681,0.021754281374271944,271.9329254801055,19017.482551722092,864.6746949963896,-0.35558789619989384,0.2509621446840917,0.15472514850459218,"0.95 	 (0.70, 1.29)",0.7007613471525653,1.285261429432842,M3
wave,Conditional,1.6753076485132406e-5,5.434896560364263e-4,-0.01905364272447318,928,5.619180401700719e-4,0.032795501863702496,140.3655297752214,8367.851164960492,809.0431493061319,-0.06552093876520007,0.027413653316253714,0.023704810485850165,"0.98 	 (0.94, 1.03)",0.9365794357374172,1.0277928647702081,M3
(Intercept),Conditional,0.06057612789635849,0.6509817787317467,-3.0100422593786553,928,0.717615519417741,0.09285437519531299,35.17516591856217,1043.8492064019094,465.4546961433672,-4.67229806211432,-1.3477864566429902,0.8471219035166905,"0.05 	 (0.01, 0.26)",0.009350756198431337,0.25981473578095665,M4
age,Conditional,5.828031851312063e-6,5.804277664837606e-5,0.017363931813505602,928,6.445361168481933e-5,0.09946432587505728,32.674448235131244,909.7201669614144,435.08129462229834,0.0016077888846682716,0.033120074742342936,0.008028300672297926,"1.02 	 (1.00, 1.03)",1.0016090820701806,1.0336746500071383,M4
balance_impairment,Conditional,0.011955138408975271,0.014068360878052268,-0.11369256559104757,928,0.027219013127925067,0.4831421399470587,11.028611134665928,38.556062208278654,35.68162906342846,-0.4475227629692166,0.22013763178712142,0.1649818569659254,"0.89 	 (0.64, 1.25)",0.6392096657747794,1.2462482421571532,M4
bmi,Conditional,7.3776975201019735e-6,7.967447434656673e-5,0.016519113038578562,928,8.77899416186789e-5,0.09244188027100202,35.34638190681792,1053.1857359601672,467.4200961305855,-0.001866150412192475,0.0349043764893496,0.009369628680939223,"1.02 	 (1.00, 1.04)",0.998135589763843,1.0355206839419968,M4
control_joint,Conditional,0.010289357055094891,0.023281350306077742,-0.05388681665015822,928,0.034599643066682124,0.327121662463142,13.08333994805456,84.10540376632471,74.10290355865477,-0.42378091616151714,0.3160072828612007,0.18600979293220593,"0.95 	 (0.65, 1.37)",0.6545672713114788,1.371640245055189,M4
control_joint:balance_impairment,Conditional,0.025286836931026756,0.04187934066797197,0.05304150984030878,928,0.0696948612921014,0.3991043257486445,11.91411662408222,56.50275702084352,51.294119534778936,-0.4757058972333962,0.5817889169140136,0.26399784334744364,"1.05 	 (0.62, 1.79)",0.6214462244275537,1.7892363646741218,M4
fall_any,Conditional,1.009600794380355e-4,0.009660202969315142,0.6283657693710359,928,0.009771259056696981,0.01136558622972174,846.5464238819196,69672.08813013181,903.6085442213354,0.4346205926671857,0.8221109460748861,0.09884967909253414,"1.87 	 (1.54, 2.28)",1.5443769998224408,2.2752978025935495,M4
female,Conditional,5.6603109941123256e-5,0.011425864274463418,-0.006137571614744664,928,0.011488127695398654,0.005419805784381557,3370.097047577815,306390.33479898307,918.2275425685818,-0.2162126014075073,0.20393745817801798,0.10718268374788277,"0.99 	 (0.81, 1.23)",0.8055640196222921,1.2262214609336703,M4
heavydrinker,Conditional,0.008610753195042831,0.021890043794700942,-0.04646449240834735,928,0.03136187230924806,0.3020173164774363,13.640616515979065,98.66856695799649,85.60088860523415,-0.397869700476126,0.30494071565943115,0.1770928352849094,"0.95 	 (0.67, 1.36)",0.6717495506063935,1.356544578771494,M4
hh_size,Conditional,9.74065177163828e-5,0.011010356830859899,0.16174170687401773,928,0.01111750400034792,0.009637700106486846,1144.3172352352583,96893.73401253628,908.4832407936343,-0.044918644428501464,0.36840205817653693,0.10543957511460259,"1.18 	 (0.96, 1.45)",0.9560752607184155,1.4454230663250245,M4
hh_wealthquintileHigh,Conditional,1.5169244839876588e-4,0.022771760057401093,-0.17877998590529243,928,0.022938621750639734,0.0072742684827604735,1930.8343568778723,170084.1551250159,914.328663863924,-0.4756284742144421,0.11806850240385719,0.15145501560080385,"0.84 	 (0.62, 1.13)",0.6214943405329896,1.125321195934106,M4
hh_wealthquintileHighest,Conditional,4.930212554368758e-4,0.023371397833397724,-0.06695786679341377,928,0.02391372121437829,0.022678335007706277,253.71661406255635,17499.279850909923,860.5036922610999,-0.3700688767719052,0.23615314318507769,0.15464061954861114,"0.94 	 (0.69, 1.27)",0.6906867567248038,1.266368230982049,M4
hh_wealthquintileLow,Conditional,4.755289475384662e-4,0.021148805546618462,-0.1827646635575192,928,0.021671887388910776,0.02413642304915109,228.89716895803065,15448.86901055075,853.7190802058576,-0.47132091360013195,0.10579158648509351,0.14721374728234715,"0.83 	 (0.62, 1.11)",0.6241772393023732,1.1115901819462757,M4
hh_wealthquintileMedium,Conditional,2.649877491786301e-4,0.020694719844300734,-0.2863246277901441,928,0.020986206368397226,0.013889433801405754,590.4488163637398,46652.339240311434,895.6145212223612,-0.5702644645037902,-0.0023847910764980274,0.14486616709362204,"0.75 	 (0.57, 1.00)",0.5653758970701087,0.99761805027861306,M4
htn,Conditional,1.701509729247107e-4,0.01942469996083483,0.20767141983602197,928,0.01961186603105201,0.009543511561869564,1165.1961794617062,98815.73412591514,908.7345717175297,-0.06680994816343375,0.48215278783547766,0.14004237227015262,"1.23 	 (0.94, 1.62)",0.9353729537928939,1.619557215040637,M4
iadl_some4,Conditional,2.5441286005323705e-4,0.002436628448224261,0.1797665776105721,928,0.0027164825942828214,0.10302077644360724,31.494925212933175,847.9941807408405,419.60566395173566,0.07746746607478007,0.28206568914636415,0.05211988674472366,"1.20 	 (1.08, 1.33)",1.0805470774488835,1.3258658121196483,M4
laborforceFormal,Conditional,5.154121493517062e-4,0.17365967171263164,-0.5364881903089377,928,0.17422662507691852,0.003254114369928105,9004.298505516454,849917.7201561455,921.9918496729778,-1.354587396980386,0.2816110163625105,0.4174046299179233,"0.58 	 (0.26, 1.33)",0.25805374624407296,1.325263114045424,M4
laborforceRetired,Conditional,2.493733905678646e-4,0.03129938016417934,-0.12553642533787873,928,0.03157369089380399,0.008687952591519218,1386.1157271903287,119236.06212939901,910.9482375335128,-0.4738057117123104,0.22273286103655282,0.1776898727947206,"0.88 	 (0.62, 1.25)",0.6226282101858063,1.2494867425550642,M4
moderate_pa,Conditional,3.890271948516803e-5,0.012036576663317675,-0.19372335803561536,928,0.01207936965475136,0.0035426510369978145,7635.67434943137,717109.9682361011,921.5401548906156,-0.4091358872636907,0.02168917119246,0.10990618569830982,"0.82 	 (0.66, 1.02)",0.6642239666120748,1.0219260910305905,M4
polypharmacy,Conditional,1.788222926652564e-5,0.0019306372756726932,-0.10671699050655929,928,0.0019503077278658714,0.010085819746354923,1052.6606000951022,88474.90501625362,907.2669391368853,-0.1932746696288291,-0.020159311384289474,0.04416228852613813,"0.90 	 (0.82, 0.98)",0.8242555450793115,0.9800425289373501,M4
raceWhite,Conditional,0.0010578032252155853,0.1598906602133044,0.23254845330041662,928,0.16105424376104155,0.007224792843481785,1955.7340429208887,172421.61605309366,914.440632451524,-0.5540212711727587,1.0191181777735918,0.40131564106204676,"1.26 	 (0.57, 2.77)",0.5746343973119261,2.7707503770990076,M4
rxdiabi,Conditional,2.381475751601555e-4,0.016417694247218,0.16537187698553743,928,0.016679656579894172,0.015705499176280592,475.30930984073274,36487.07259073659,889.2492163956974,-0.08776536859148013,0.418509122562555,0.12914974479221464,"1.18 	 (0.92, 1.52)",0.9159757681968573,1.5196941880782335,M4
smokeCurrent,Conditional,1.0319316471169612e-4,0.026043224096171196,0.1803017682984303,928,0.02615673657735406,0.004339703496541782,5159.426327337564,477883.89347182406,920.2124729224181,-0.13668488036509374,0.49728841696195436,0.16173044418832858,"1.20 	 (0.87, 1.64)",0.8722450443694545,1.6442566818552828,M4
smokeFormer,Conditional,1.0944914155329651e-4,0.01190821650840665,-0.11996174501611226,928,0.012028610564115276,0.010008974441968839,1067.5315168417546,89838.67724428533,907.4779206211101,-0.33492373525930574,0.0950002452270812,0.10967502251704932,"0.89 	 (0.72, 1.10)",0.7153926435065915,1.0996591247922674,M4
vigorous_pa,Conditional,1.5404431773725555e-4,0.0343197313686953,0.049316627052611785,928,0.034489180118206286,0.004913098801717581,4065.4981901642095,372847.7389832318,919.1852067898501,-0.3146746164911532,0.41330787059637675,0.18571262778337472,"1.05 	 (0.73, 1.51)",0.7300263741708641,1.5118103962617033,M4
vision_impairment,Conditional,3.140845926097285e-4,0.023816202234779215,-0.04338982441269459,928,0.024161695286649916,0.014299205737504561,560.7512221598123,44016.82162587224,894.22204005362,-0.3480556448878826,0.26127599606249335,0.15544032709258532,"0.96 	 (0.71, 1.30)",0.706059586514729,1.2985860206076034,M4
wave,Conditional,2.3076879017662597e-5,5.513937087259575e-4,-0.022351265761353156,928,5.767782756453864e-4,0.04401096225585955,90.56345905504116,4646.444791408809,743.5827990231445,-0.0694344344324751,0.02473190290976878,0.02401620860263723,"0.98 	 (0.93, 1.03)",0.9329212988937765,1.0250402733685537,M4
(Intercept),Conditional,0.06997412423381169,0.6453055198148762,-3.014406059895803,928,0.7222770564720691,0.10656788273624113,30.4164059805511,792.4827808921747,404.76431670071105,-4.682666269273288,-1.3461458505183181,0.8498688466299191,"0.05 	 (0.01, 0.26)",0.009254306490374608,0.2602413392762258,M5
age,Conditional,6.6393259856104065e-6,5.7389811677730456e-5,0.017379912866006365,928,6.46930702619019e-5,0.11289089472187838,28.70208939036271,706.1950665790773,379.7413880293069,0.00158846552119506,0.033171360210817666,0.008043200250018763,"1.02 	 (1.00, 1.03)",1.0015897278008252,1.0337276638552226,M5
balance_impairment,Conditional,0.006184096689145995,0.01064007626218485,-0.09484640823837343,928,0.017442582620245443,0.3899942173795404,12.035641268541463,59.17335237416858,53.562380597757496,-0.35910241014115923,0.16940959366441227,0.1320703699557378,"0.91 	 (0.70, 1.18)",0.6983028343977629,1.1846052463724623,M5
bmi,Conditional,6.470666946304381e-6,7.975735922206533e-5,0.016445478015323183,928,8.687509286300015e-5,0.08193065936814949,40.47037348651737,1340.7555685544378,520.2568382860226,-0.0018392271332012648,0.03473018316384763,0.00932068092271161,"1.02 	 (1.00, 1.04)",0.9981624632085562,1.0353403188600876,M5
control_joint,Conditional,5.666438942415746e-4,0.025999963324813552,-0.016991494766698634,928,0.026623271608479285,0.023412159588501274,240.67967283570766,16419.486003442922,857.1195510233977,-0.33681532318454566,0.3028323336511483,0.1631663923989229,"0.98 	 (0.71, 1.35)",0.7140406944886658,1.353687477576939,M5
control_joint:fall_any,Conditional,5.946446331923311e-4,0.03963276217901614,-0.00840705371051228,928,0.0402868712755277,0.01623628432295023,448.47100159164813,34140.44783565807,887.2957763327844,-0.4018169301548525,0.3850028227338279,0.20071589691782687,"0.99 	 (0.67, 1.47)",0.6691032271028514,1.4696184697770582,M5
fall_any,Conditional,5.6716042591758825e-5,0.012509013737312981,0.6305334684346173,928,0.012571401384163915,0.004962664459152811,3988.0989583719343,365437.14139169216,919.0935884279932,0.41077714739546667,0.850289789473768,0.11212226087697266,"1.88 	 (1.51, 2.34)",1.5079892597752782,2.3403249552048644,M5
female,Conditional,1.2676184209492298e-4,0.011459282116925902,-0.007975453934131984,928,0.011598720143230318,0.012021845909076387,764.7752636589075,62273.05835330448,901.6280218213976,-0.219062492547376,0.20311158467911197,0.10769735439290196,"0.99 	 (0.80, 1.23)",0.8032715181016775,1.225209175192816,M5
heavydrinker,Conditional,0.009056341371673087,0.021783362172360685,-0.045564328618262075,928,0.03174533768120108,0.31380908934982504,13.366301295394939,91.39269251800827,79.90052067506718,-0.39946105718452757,0.3083323999480033,0.1781722135497033,"0.96 	 (0.67, 1.36)",0.6706814075763737,1.36115336105519,M5
hh_size,Conditional,1.2234775091856612e-4,0.011128907866824595,0.16310142371667247,928,0.011263490392835017,0.011948563128888891,773.2638111181033,63039.26552481382,901.8526505060427,-0.04491274907862369,0.37111559651196857,0.10612959244638141,"1.18 	 (0.96, 1.45)",0.9560808971332012,1.4493506035778982,M5
hh_wealthquintileHigh,Conditional,1.8239523274739286e-4,0.022651191468906512,-0.1791446887368759,928,0.022851826224928644,0.008779812783770572,1359.344804165832,116754.06191943075,910.7165721810767,-0.47543199783453205,0.11714262036078021,0.15116820507278853,"0.84 	 (0.62, 1.12)",0.6216164614877008,1.1242797634423163,M5
hh_wealthquintileHighest,Conditional,4.217454776786974e-4,0.023484528603724596,-0.06777250431755473,928,0.023948448629171164,0.01937161077237691,330.7516921803747,23983.416016790765,874.9409000085411,-0.3710978502711054,0.235552841635996,0.15475286307261382,"0.93 	 (0.69, 1.27)",0.6899764238753985,1.265608256301094,M5
hh_wealthquintileLow,Conditional,4.990550071359821e-4,0.021126090206624166,-0.18359708772021244,928,0.021675050714473745,0.02532683845039431,211.5611582627744,14030.73910056425,848.0041691284821,-0.47217668182835354,0.10498250638792866,0.14722449087863657,"0.83 	 (0.62, 1.11)",0.6236433167417654,1.1106911801851165,M5
hh_wealthquintileMedium,Conditional,3.2484300019838575e-4,0.02073236359668166,-0.2881102008571936,928,0.021089690896899882,0.01694322130964709,416.4128415014329,31350.93822664048,884.6304698652744,-0.5727528452041379,-0.0034675565102493255,0.14522290073159907,"0.75 	 (0.56, 1.00)",0.5639707755630646,0.9965384485208931,M5
htn,Conditional,2.2274227459989328e-4,0.019328600843883315,0.20546703680268147,928,0.0195736173459432,0.012517691427673915,711.079847401329,57437.301288673705,900.0854159313106,-0.06874896215705512,0.479683035762418,0.13990574450658985,"1.23 	 (0.93, 1.62)",0.9335610098063158,1.6155622455740806,M5
iadl_some4,Conditional,2.5570786727702535e-4,0.0024489107464753354,0.17890242788651864,928,0.0027301894004800632,0.10302532635840914,31.493481765369683,847.9192823403397,419.58624924081056,0.0763455381306817,0.28145931764235554,0.052251214344549574,"1.20 	 (1.08, 1.33)",1.0793354612878847,1.3250620885751934,M5
laborforceFormal,Conditional,3.9793919512024303e-4,0.1732868599304521,-0.5386002656450505,928,0.17372459304508436,0.0025196957262042254,14825.983430743803,1417575.8657647038,923.0717291942065,-1.355519484380323,0.2783189530902219,0.41680282274126257,"0.58 	 (0.26, 1.32)",0.2578133296607323,1.3209074375366716,M5
laborforceRetired,Conditional,2.3336250845112932e-4,0.031083463417149307,-0.1256769804351479,928,0.03134016217644555,0.008190728492438064,1546.595524029682,134152.0918973412,912.176901668693,-0.4726555314954358,0.22130157062514,0.17703152876379266,"0.88 	 (0.62, 1.25)",0.6233447568355264,1.24769964339529,M5
moderate_pa,Conditional,3.402540150866066e-5,0.011962369284121779,-0.19196451522868985,928,0.011999797225781305,0.0031190478435013562,9777.887081121533,925120.780552086,922.1979845615607,-0.4066662793559481,0.022737248898568457,0.10954358596367614,"0.83 	 (0.67, 1.02)",0.6658663665797614,1.02299771045601,M5
polypharmacy,Conditional,1.644858267891875e-5,0.001930370924824296,-0.10666378959440229,928,0.0019484643657711066,0.009286000434321585,1225.4688169544297,104372.26545346664,909.4140141607911,-0.19318037313600597,-0.020147206052798614,0.04414141327337749,"0.90 	 (0.82, 0.98)",0.8243332731510873,0.9800543927488456,M5
raceWhite,Conditional,0.0010355222382193556,0.15761039627440282,0.22689907862651335,928,0.1587494707364441,0.0071752961238679205,1981.1508819832761,174808.6227943391,914.5522164024164,-0.5540221719335311,1.0078203291865577,0.3984337720831959,"1.25 	 (0.57, 2.74)",0.5746338797040357,2.739623026009975,M5
rxdiabi,Conditional,2.8998055126160517e-4,0.0164166460636404,0.1644324835533156,928,0.016735624670028166,0.019059856603920174,340.0294535051836,24774.406064022343,876.22981199194885,-0.08913308039466397,0.4179980475012951,0.12936624238969055,"1.18 	 (0.91, 1.52)",0.9147238336652413,1.5189177087144856,M5
smokeCurrent,Conditional,1.215522741990022e-4,0.02608523501308278,0.17980558268919775,928,0.026218942514701683,0.005099652724129852,3785.6375844928857,346067.889455745,918.8380500037385,-0.137558077046513,0.49716924242490845,0.16192264361324418,"1.20 	 (0.87, 1.64)",0.8714837353259649,1.6440607400023097,M5
smokeFormer,Conditional,1.0125499979230937e-4,0.011945985899180426,-0.11982642958181287,928,0.012057366398951965,0.009237547909402635,1237.3615932687092,105470.037832204,909.5405933219711,-0.3350447829006921,0.09539192373706638,0.10980603990196516,"0.89 	 (0.72, 1.10)",0.715306052155375,1.1000899220012545,M5
vigorous_pa,Conditional,2.0924650940179262e-4,0.03417010617454867,0.051522005937147126,928,0.03440027733489064,0.006690968159972353,2259.7246025259374,201031.71747833586,915.6211861202705,-0.31200081325262274,0.4150448251269169,0.18547311755316628,"1.05 	 (0.73, 1.51)",0.7319809329426571,1.5144386240741283,M5
vision_impairment,Conditional,3.29447590625486e-4,0.02376763097999436,-0.042636583905905016,928,0.024130023329682396,0.015018317418792337,514.1831330119105,39902.485757028844,891.7163467411143,-0.34710351910975595,0.26183035129794585,0.1553384154988147,"0.96 	 (0.71, 1.30)",0.7067321641864026,1.2993060981377464,M5
wave,Conditional,1.230572143687772e-5,5.519924910475624e-4,-0.0226123910281524,928,5.655287846281279e-4,0.023935640321944864,232.06289794981433,15709.13996397508,854.6676835497185,-0.06922559028474928,0.02400080822844449,0.023780849114952308,"0.98 	 (0.93, 1.02)",0.9331161543938463,1.0242911457515265,M5
(Intercept),Conditional,0.06609986894828841,0.6418168915378574,-3.030228924900224,929,0.7145267473809747,0.10175945982376149,31.90135958758919,869.1463758683465,425.25987966088246,-4.689290624452229,-1.3711672253482192,0.8452968398030213,"0.05 	 (0.01, 0.25)",0.009193205278748624,0.25381053250069063,A1
age,Conditional,6.361156560144364e-6,5.782900265812355e-5,0.01717819018906131,929,6.482627487428234e-5,0.10793882927452823,30.023298236161843,772.4797487281721,399.392848337582,0.001372822033774413,0.032983558344348206,0.008051476564847117,"1.02 	 (1.00, 1.03)",1.0013737647853034,1.0335335460989385,A1
balance_impairment,Conditional,0.0055752700945799335,0.010630476486765149,-0.0918214675123432,929,0.016763273590803075,0.3658472237428969,12.390501536517696,67.24236535528846,60.340375134988705,-0.3502336583232289,0.1665907232985424,0.1294730612552398,"0.91 	 (0.70, 1.18)",0.7045234527164224,1.1812706997835243,A1
bmi,Conditional,6.026566144994992e-6,8.031849915187417e-5,0.01663812736497201,929,8.694772191136866e-5,0.07624377745344588,44.01987217400516,1548.2236575294617,551.365669101672,-0.0016520048228647125,0.03492825955280873,0.009324576232267538,"1.02 	 (1.00, 1.04)",0.998349358985993,1.035545415643538,A1
control_a1c,Conditional,2.4285393055229745e-4,0.012267086816906402,0.024983518441651854,929,0.01253422614051393,0.021312789526276566,281.4360251801715,19813.53275658259,867.5258743216799,-0.19446031678531853,0.2444273536686222,0.11195635819601284,"1.03 	 (0.82, 1.28)",0.8232788479595657,1.2768898974882406,A1
fall_any,Conditional,1.5569822966594e-4,0.00965952343913621,0.6271614732531765,929,0.009830791491768744,0.017421593447072455,396.8067678149975,29652.871796056672,883.7112737565684,0.4328224297993096,0.8215005167070434,0.09915034791552042,"1.87 	 (1.54, 2.27)",1.5416024537378294,2.2739093178233136,A1
female,Conditional,1.2550153635359956e-4,0.011519445851259014,-0.008668367290920796,929,0.011657497541247975,0.011842309166310202,785.8433220134564,64175.56774621144,903.1373485876719,-0.2202894579045574,0.20295272332271574,0.10796989182752743,"0.99 	 (0.80, 1.23)",0.80228653616948,1.2250145522608165,A1
heavydrinker,Conditional,0.009564434257030942,0.021806534468758514,-0.04625055029960007,929,0.032327412151492554,0.3254475685659945,13.117489354255571,84.97290128950998,74.80744645562692,-0.403739294425614,0.3112381938264138,0.17979825402793143,"0.95 	 (0.67, 1.37)",0.667818202504038,1.3651143442726228,A1
hh_size,Conditional,1.3006689287059026e-4,0.01110975741419631,0.16140521432083155,929,0.01125283099635396,0.012714452230199378,691.4373640967223,55673.33024706795,900.4179874077998,-0.046511034474011614,0.3693214631156747,0.10607936178330807,"1.18 	 (0.95, 1.45)",0.9545540275102478,1.4467526065306078,A1
hh_wealthquintileHigh,Conditional,2.0456582018735936e-4,0.02288802619134061,-0.17959006035485972,929,0.023113048593546705,0.009735730070196055,1123.2103210361365,94952.29385779581,909.1914571453101,-0.47756671717047994,0.11838659646076047,0.15202976219657355,"0.84 	 (0.62, 1.13)",0.6202909001619009,1.1256792108568308,A1
hh_wealthquintileHighest,Conditional,4.0750495297137515e-4,0.023633430774777208,-0.06827641703015577,929,0.024081686223045722,0.01861395602105058,354.0772059863415,25975.57335702716,878.9668318068548,-0.3724431931320047,0.23589035907169317,0.1551827510487094,"0.93 	 (0.69, 1.27)",0.6890487931499495,1.2660354932502618,A1
hh_wealthquintileLow,Conditional,4.780721790340138e-4,0.021106631147754452,-0.18307066818353135,929,0.02163251054469187,0.0243096794452484,226.22456072992344,15229.443889497072,853.7663322717633,-0.4713649776343599,0.10522364126729716,0.14707994609970412,"0.83 	 (0.62, 1.11)",0.6241497361410909,1.1109590388626032,A1
hh_wealthquintileMedium,Conditional,3.0635914501779977e-4,0.02059013843182296,-0.2902755249512308,929,0.02092713349134254,0.016103259419594812,454.959037290673,34706.82857416574,888.7233931201347,-0.5738179889993654,-0.006733060903096277,0.14466213565180952,"0.75 	 (0.56, 0.99)",0.5633703853984767,0.9932895553640972,A1
htn,Conditional,1.779971072212052e-4,0.019748450354783644,0.20694045357282836,929,0.01994424717272697,0.009817207751570124,1106.1336283881908,93382.7257033423,908.9710885453213,-0.0698572890611796,0.4837381962068363,0.1412241026621411,"1.23 	 (0.93, 1.62)",0.9325268921985473,1.622126911077813,A1
iadl_some4,Conditional,2.6008925848963787e-4,0.002426889947973022,0.1767379775219742,929,0.0027129881323116234,0.10545500768366038,30.744974679416284,809.2973048734023,409.5758328479532,0.07449769821834586,0.2789782568256025,0.05208635264934207,"1.19 	 (1.08, 1.32)",1.077342863711362,1.3217786038943917,A1
laborforceFormal,Conditional,3.592198198183426e-4,0.17290427375770442,-0.5371474613419364,929,0.1732994155595046,0.0022801104119390403,18029.124611116567,1731134.2701813653,924.398882331335,-1.3530662682311205,0.2787713455472478,0.4162924639715504,"0.58 	 (0.26, 1.32)",0.2584465779143686,1.3215051412859826,A1
laborforceRetired,Conditional,2.1511256430847137e-4,0.03128855228087052,-0.12969684419228272,929,0.031525176101609834,0.007505868324942848,1820.620241316479,159749.91169392286,914.7799528433322,-0.47769756391616935,0.2183038755316039,0.17755330495828522,"0.88 	 (0.62, 1.24)",0.6202097424259625,1.2439650207227722,A1
moderate_pa,Conditional,3.060674393900317e-5,0.012030378653806576,-0.19495577524589872,929,0.01206404607213948,0.002790723620548375,12143.819720621412,1155603.511769055,923.6805252540751,-0.41023148979938684,0.020319939307589407,0.10983645147281243,"0.82 	 (0.66, 1.02)",0.6634966396533681,1.0205277947571512,A1
polypharmacy,Conditional,1.5897885456241695e-5,0.0018768949608741602,-0.1066411156594954,929,0.0018943826348760261,0.00923133145327333,1238.9006561872075,105612.13447915514,910.5305653140715,-0.19194855780525158,-0.021333673513739215,0.0435245061416672,"0.90 	 (0.83, 0.98)",0.8253493251803619,0.9788922796429164,A1
raceWhite,Conditional,0.0012033439738882142,0.15796226710125147,0.23678178217705623,929,0.1592859454725285,0.008310076368321685,1505.4982990465,130326.42421933645,912.8637403103559,-0.5454597188152922,1.0190232831694046,0.39910643376488997,"1.27 	 (0.58, 2.77)",0.5795752804250481,2.7704874603135607,A1
rxdiabi,Conditional,4.1413947811811856e-4,0.01780611149169909,0.17787847563576453,929,0.018261664917629022,0.024945886806309693,216.8559795027196,14462.541384641096,850.7134603408061,-0.08700485175687339,0.4427618030284024,0.1351357277614955,"1.19 	 (0.92, 1.56)",0.916672648149542,1.5570014171455195,A1
smokeCurrent,Conditional,1.223507474693856e-4,0.0262405034191461,0.17833156902537883,929,0.026375089241362427,0.005102762723746978,3781.22687382337,345646.17945960077,919.8218140809171,-0.13997571773036643,0.4966388557811241,0.16240409244031515,"1.20 	 (0.87, 1.64)",0.8693793456461872,1.6431889833487212,A1
smokeFormer,Conditional,1.015253837907359e-4,0.011887746065091518,-0.11901489523361712,929,0.011999423987261329,0.009306940257162973,1220.3850147514465,103903.13638374755,910.3325981965351,-0.3337155404660089,0.09568574999877459,0.10954188234306242,"0.89 	 (0.72, 1.10)",0.7162574995257036,1.1004132048027417,A1
vigorous_pa,Conditional,1.8495755833759783e-4,0.03423668323749647,0.05177483563890008,929,0.034440136551667826,0.0059074479529467785,2860.4687815206016,257894.868877947,918.2490359286086,-0.3119580446289529,0.41550771590675295,0.18558053925901774,"1.05 	 (0.73, 1.52)",0.7320122394291745,1.515139806022649,A1
vision_impairment,Conditional,2.853226408761953e-4,0.023560465102181016,-0.03869464629135679,929,0.02387432000714483,0.013146129601592336,651.2910647992702,52077.08784938062,899.0269998045579,-0.34154193526473803,0.2641526426820244,0.15451317098275094,"0.96 	 (0.71, 1.30)",0.7106736647066942,1.3023269718115447,A1
wave,Conditional,1.2384716492962913e-5,5.555272295786834e-4,-0.023788240801509257,929,5.691504177209426e-4,0.023936006577682467,232.0570549070685,15708.659222243414,855.5386432106131,-0.07055045689242351,0.022973975289404994,0.02385687359485611,"0.98 	 (0.93, 1.02)",0.931880718534377,1.023239909678183,A1
(Intercept),Conditional,0.06871283730461002,0.6582581803865852,-3.001300995095611,929,0.7338423014216563,0.10299777062271226,31.50222620369649,848.3730429412514,419.9327372240592,-4.682694992366982,-1.31990699782424,0.8566459603719943,"0.05 	 (0.01, 0.27)",0.009254040681879653,0.267160147285472,B1
age,Conditional,6.291265184472808e-6,5.761686497635976e-5,0.017295943332679434,929,6.453725667927985e-5,0.10723095555968884,30.22470074039363,782.7122974771216,402.26588793519716,0.0015261709778737198,0.03306571568748515,0.008033508366789684,"1.02 	 (1.00, 1.03)",1.0015273361694856,1.0336184619573119,B1
balance_impairment,Conditional,0.005943993076354299,0.010572693189411803,-0.09447264607950726,929,0.017111085573401533,0.38211441091460535,12.145958054341428,61.639012984868636,55.65031407302057,-0.35598727282428666,0.167041980665272,0.13080934818812276,"0.91 	 (0.70, 1.18)",0.7004815353301044,1.1818038771799697,B1
bmi,Conditional,6.354526869364575e-6,8.11730470959643e-5,0.016570609207718377,929,8.816302665226533e-5,0.0792847049576811,42.04007679424474,1431.7384248252554,534.7349364502167,-0.0018480762314899632,0.03498929464692672,0.009389516848713001,"1.02 	 (1.00, 1.04)",0.9981536304098924,1.0356086221843341,B1
control_bp,Conditional,2.6834437420047617e-4,0.011192010478751672,-0.027746983946344155,929,0.011487189290372197,0.025696347832269394,206.63518643898163,13630.120794933766,847.0564448424192,-0.2378312593616157,0.1823372914689274,0.1071783060622447,"0.97 	 (0.79, 1.20)",0.7883357041410795,1.200018881758516,B1
fall_any,Conditional,1.4458026561617757e-4,0.009586509181393484,0.6286795889357745,929,0.00974554747357128,0.01631907213105139,444.5096764566609,33794.932658685924,887.9200713212415,0.4351859170331882,0.8221732608383607,0.09871953947203806,"1.88 	 (1.55, 2.28)",1.5452503206022334,2.2754395916556827,B1
female,Conditional,1.151268627088964e-4,0.011783440392926338,-0.006583832528142343,929,0.011910079941906125,0.010632972204846367,955.6830843410497,79603.68128498453,906.7030725820041,-0.22048444727604088,0.2073167822197562,0.10913331270471965,"0.99 	 (0.80, 1.23)",0.8021301140728614,1.2303722701115951,B1
heavydrinker,Conditional,0.009121386689461388,0.021774327572557654,-0.04537051735254103,929,0.03180785293096518,0.31544176779815963,13.330145424503614,90.44907161626955,79.16549237601177,-0.3996651136017352,0.308924078896653,0.17834756216714928,"0.96 	 (0.67, 1.36)",0.6705445646935649,1.3619589651508,B1
hh_size,Conditional,1.0937366629663909e-4,0.011222911220785137,0.16515822306118536,929,0.01134322225371144,0.010606424720888978,960.0543140884813,80002.67005541608,906.7786359487582,-0.043590045659187476,0.3739064917815582,0.10650456447360104,"1.18 	 (0.96, 1.45)",0.957346345326927,1.4534012391419857,B1
hh_wealthquintileHigh,Conditional,1.7486671675764936e-4,0.022921956004830945,-0.17810040699498725,929,0.023114309393264358,0.008321831518335009,1501.543630019934,129958.49448355788,912.8348935707467,-0.4760841677299853,0.1198833537400108,0.15203390869560762,"0.84 	 (0.62, 1.13)",0.6212111941109559,1.1273653409587494,B1
hh_wealthquintileHighest,Conditional,4.5473740133837777e-4,0.023728134407027156,-0.07167078106215702,929,0.024228345548499373,0.020645699495696564,296.9029219673491,21114.621754119587,870.4412808008627,-0.3767656238223631,0.23342406169804908,0.15565457124189888,"0.93 	 (0.69, 1.26)",0.6860768551245084,1.2629169204829895,B1
hh_wealthquintileLow,Conditional,4.840829823721561e-4,0.02117856297071334,-0.18352471122259473,929,0.021711054251322713,0.02452627470068297,222.95805840256432,14961.644560076815,852.7319522850829,-0.47234232942130683,0.10529290697611737,0.14734671442323616,"0.83 	 (0.62, 1.11)",0.6235400202831268,1.1110359928930071,B1
hh_wealthquintileMedium,Conditional,3.193093641291179e-4,0.020688710654915,-0.288927415312966,929,0.02103995095545703,0.016693969548010293,427.2720967731217,32294.106675680152,886.5084984770646,-0.5732338767314983,-0.004620953894433788,0.14505154585683336,"0.75 	 (0.56, 1.00)",0.563699553078022,0.9953897062866239,B1
htn,Conditional,1.812292605158338e-4,0.022465446935535913,0.1950222967585212,929,0.02266479912210333,0.008795674097680553,1354.8049930595512,116333.35440871294,911.6521553596215,-0.10005007444985856,0.49009466796690093,0.1505483281943155,"1.22 	 (0.90, 1.63)",0.9047921099344386,1.632470755327921,B1
iadl_some4,Conditional,2.508995255735063e-4,0.0024091872501338634,0.1781950913078924,929,0.0026851767282647203,0.1027826121185005,31.57070699087699,851.9286195964085,420.853126186888,0.07648782788698835,0.27990235472879643,0.051818690916161904,"1.20 	 (1.08, 1.32)",1.0794890505944779,1.3230006212756245,B1
laborforceFormal,Conditional,4.228154545515005e-4,0.1731602620370083,-0.5358941358457608,929,0.17362535903701495,0.0026787388811532835,13154.483947831986,1254243.1754921807,923.8422502953085,-1.3525800940042132,0.2807918223126914,0.4166837638269758,"0.59 	 (0.26, 1.32)",0.2585722585284451,1.3241779109446028,B1
laborforceRetired,Conditional,2.299473145342793e-4,0.03109467072850937,-0.12670105544847213,929,0.031347612774497075,0.008068941255823118,1590.3824139685685,138232.25795332398,913.4501704174099,-0.473720755808424,0.22031864491147976,0.1770525706520441,"0.88 	 (0.62, 1.25)",0.6226811083751627,1.246473849863554,B1
moderate_pa,Conditional,2.9178576687492e-5,0.011877816774276247,-0.19134229202840164,929,0.011909913208632487,0.0026949343621561588,13000.552514006238,1239213.4700747041,923.8190063087636,-0.40523836614346476,0.022553782086661506,0.10913254880480198,"0.83 	 (0.67, 1.02)",0.6668178451150679,1.0228100415435195,B1
polypharmacy,Conditional,1.5726950174606816e-5,0.001919369905997439,-0.10622177548913017,929,0.0019366695511895064,0.00893267784452026,1316.5688473299538,112792.22565967744,911.3029577976837,-0.1924760275643702,-0.01996752341389013,0.04400760787851921,"0.90 	 (0.82, 0.98)",0.8249140931665739,0.9802305073303011,B1
raceWhite,Conditional,0.0013013917524648307,0.15785695253410367,0.23104201462217316,929,0.15928848346181498,0.008987033441463356,1301.869368151264,111431.96628155933,911.1635203372997,-0.551206950132709,1.0132909793770555,0.39910961334176726,"1.26 	 (0.58, 2.75)",0.5762538807909184,2.7546516158367065,B1
rxdiabi,Conditional,3.0007270325743327e-4,0.015797140509949785,0.169558608878702,929,0.01612722048353296,0.020467257449615184,301.28479738760245,21484.398766197122,871.2116009835538,-0.07935710845924956,0.4184743262166536,0.12699299383640406,"1.18 	 (0.92, 1.52)",0.9237100008841366,1.519641309193602,B1
smokeCurrent,Conditional,1.3662962063591623e-4,0.026230158160125958,0.17857180826555524,929,0.026380450742825464,0.005697119589223928,3064.52908770871,277288.4867189234,918.6714469081179,-0.13976810424789643,0.4969117207790068,0.16242059827135677,"1.20 	 (0.87, 1.64)",0.8695598592576057,1.6436374132848182,B1
smokeFormer,Conditional,9.571717735173665e-5,0.011896641100417736,-0.11923530697448362,929,0.012001929995504647,0.008772663657124024,1361.398879146773,116944.4327612936,911.710487575283,-0.3339580915713962,0.09548747762242893,0.10955332033080808,"0.89 	 (0.72, 1.10)",0.7160837915448347,1.1001950448899203,B1
vigorous_pa,Conditional,1.962452368852276e-4,0.03413274304631707,0.05010341865282065,929,0.03434861280689082,0.00628467186687795,2543.708299603013,227864.82784603222,917.4714792989816,-0.3131460595558257,0.413352896861467,0.18533378754800978,"1.05 	 (0.73, 1.51)",0.731143114331096,1.51187846896989,B1
vision_impairment,Conditional,3.278067747144157e-4,0.023708256656657642,-0.04330653314284149,929,0.0240688441088435,0.0149815026660698,516.4116975282635,40098.83522885376,892.788187103165,-0.347387205741689,0.26077413945600597,0.15514136814158724,"0.96 	 (0.71, 1.30)",0.7065317021546095,1.2979344801376886,B1
wave,Conditional,1.1668248670243769e-5,5.544652025803769e-4,-0.022779362900731584,929,5.673002761176451e-4,0.022624832170197017,254.71415847464806,17582.141738850747,861.6319386069968,-0.06946512864801646,0.02390640284655328,0.023818066170821783,"0.98 	 (0.93, 1.02)",0.9328926640458094,1.0241944517190342,B1
(Intercept),Conditional,0.06812385285997949,0.6497670782712532,-3.055221632074256,929,0.7247033164172307,0.10340264277586758,31.374335533069303,841.7424547907515,418.20673170935873,-4.726131920891699,-1.3843113432568124,0.8512950818706935,"0.05 	 (0.01, 0.25)",0.008860678644164274,0.2504962463358255,C1
age,Conditional,6.214972341690366e-6,5.681096246571299e-5,0.016815939926615397,929,6.36474320415724e-5,0.10741155387689558,30.173000930887085,780.0824558532553,401.53070424456337,0.0011551781183373432,0.03247670173489345,0.00797793407102192,"1.02 	 (1.00, 1.03)",1.0011558455935727,1.033009825526834,C1
balance_impairment,Conditional,0.005471074844021038,0.010590708962319348,-0.09099433201884842,929,0.01660889129074249,0.3623470238364179,12.446329586293157,68.54773550592881,61.424642593425446,-0.3481241605208842,0.16613549648318726,0.12887548754803022,"0.91 	 (0.71, 1.18)",0.7060112120524445,1.1807330760644406,C1
bmi,Conditional,6.4396969907339556e-6,8.123308648964621e-5,0.016581710573059183,929,8.831675317945356e-5,0.08020750802980527,41.47744124049943,1398.9830819814063,529.7692728329804,-0.001853391046908872,0.03501681219302724,0.00939769935566432,"1.02 	 (1.00, 1.04)",0.9981483254216845,1.03563711998443,C1
control_chol,Conditional,2.4034105937980587e-5,0.01322751265357515,0.09085153008637714,929,0.013253950170106927,0.0019946895976269813,23439.408063790215,2261996.1625050437,924.779112637838,-0.13479101527556797,0.31649407544832225,0.11512580149604573,"1.10 	 (0.87, 1.37)",0.8738985240480027,1.372308111901806,C1
fall_any,Conditional,1.538067707720525e-4,0.009708521179047013,0.6264990205571633,929,0.00987770862689627,0.01712820799234479,408.64489611012385,30677.40736023613,884.8482133159948,0.43169705623804,0.8213009848762867,0.09938666221830911,"1.87 	 (1.54, 2.27)",1.5398685509215921,2.273455645796664,C1
female,Conditional,1.3183289422053613e-4,0.011625177481197296,-1.9208043891743003e-4,929,0.011770193664839886,0.012320628510623783,731.6704273900714,59289.362875775216,901.6610952131865,-0.21283393992476257,0.21244977904692766,0.10849052338725206,"1.00 	 (0.81, 1.24)",0.808290350828891,1.236704003551959,C1
heavydrinker,Conditional,0.008809921286835201,0.02183837253553419,-0.03947927254759508,929,0.031529285951052914,0.30736228630623635,13.513320650111218,95.26675082812717,82.95807992811905,-0.3919773946099229,0.31301884951473274,0.17756487814613822,"0.96 	 (0.68, 1.37)",0.6757193886883438,1.3675473083877963,C1
hh_size,Conditional,1.3334225218619453e-4,0.011148546554512608,0.16176096921650207,929,0.011295223031917422,0.012985708824902674,665.7597146017216,53371.71868926963,899.5473711279346,-0.04654674119814434,0.3700686796311484,0.10627898678439412,"1.18 	 (0.95, 1.45)",0.9545199441214244,1.4478340479571423,C1
hh_wealthquintileHigh,Conditional,1.874071877704422e-4,0.022904010667488053,-0.18313965016220982,929,0.02311015857403554,0.008920228993110216,1319.972341810351,113107.26542954615,911.3348211145012,-0.4810970674847065,0.11481776716028683,0.152020257117384,"0.83 	 (0.62, 1.12)",0.6181049169013412,1.121669014016519,C1
hh_wealthquintileHighest,Conditional,4.210137770049392e-4,0.023751096349873626,-0.06866879647268664,929,0.02421421150457906,0.019125758219211687,338.03222318488673,24603.969890155022,876.8706617581631,-0.3736721552415795,0.23633456229620614,0.1556091626626757,"0.93 	 (0.69, 1.27)",0.6882024984301087,1.266597995222057,C1
hh_wealthquintileLow,Conditional,4.799485143147526e-4,0.021270600194533647,-0.18516185693198028,929,0.021798543560279875,0.024219203649376724,227.61348803769684,15343.441837822891,854.196879176112,-0.4745602334496769,0.10423651958571628,0.14764329839271362,"0.83 	 (0.62, 1.11)",0.6221586008544269,1.1098629281943018,C1
hh_wealthquintileMedium,Conditional,3.0277691168791824e-4,0.02062827198916393,-0.2846516088248713,929,0.020961326592020643,0.015889004037726032,465.7387861645064,35649.14831042545,889.5141736906025,-0.5684253584887715,-8.778591609710507e-4,0.14478027003711744,"0.75 	 (0.57, 1.00)",0.5664166400081126,0.9991225260446552,C1
htn,Conditional,2.0145114062119736e-4,0.01942744649585959,0.21162184368210085,929,0.019649042750542908,0.011277712481804966,858.5567605686706,70762.06086904729,904.8320081381526,-0.06312089201619603,0.4863645793803977,0.1401750432514394,"1.24 	 (0.94, 1.63)",0.9388299697805013,1.626392837428886,C1
iadl_some4,Conditional,2.487771758495596e-4,0.002422581741963107,0.17509007098357587,929,0.0026962366353976224,0.1014951320821879,31.988150383344955,873.6793747164909,426.4064224681928,0.07317717266753368,0.2770029692996181,0.05192529860672563,"1.19 	 (1.08, 1.32)",1.0759211438481469,1.319170288040976,C1
laborforceFormal,Conditional,3.589992275978478e-4,0.17474058750792787,-0.5307833922197606,929,0.1751354866582855,0.0022548208697883002,18427.59089529795,1770184.0275340986,924.4331905489231,-1.3510130430266916,0.2894462585871703,0.41849191946593844,"0.59 	 (0.26, 1.34)",0.25897777208615735,1.3356876576363754,C1
laborforceRetired,Conditional,2.194332305476255e-4,0.031514345057685,-0.12798724173505566,929,0.03175572161128739,0.007601041366875825,1778.1635168420003,155774.4825415623,914.559095037252,-0.47725818614129767,0.22128370267118636,0.17820135131723158,"0.88 	 (0.62, 1.25)",0.6204823086779351,1.2476773497546854,C1
moderate_pa,Conditional,2.40247919026851e-5,0.011862796135771177,-0.19139892604141623,929,0.011889223406864132,0.0022227920351548004,18951.760357761552,1821565.7236975294,924.476469020124,-0.40510906342919495,0.022311211346362436,0.10903771552478587,"0.83 	 (0.67, 1.02)",0.6669040720469329,1.0225619678434839,C1
polypharmacy,Conditional,1.4891619463075227e-5,0.0018833661203914494,-0.11032933483914828,929,0.0018997469018008323,0.008622612514253804,1405.6680252332264,121049.99317526228,912.0886309705776,-0.1957573480131542,-0.024901321665142376,0.04358608610326043,"0.90 	 (0.82, 0.98)",0.822211721782135,0.9754061587350761,C1
raceWhite,Conditional,0.0012147735935885097,0.15880289171043047,0.23825873689930074,929,0.16013914266337784,0.008344311894789153,1494.0261935594697,129259.1964481497,912.7796606089536,-0.5460750204847745,1.022592494283376,0.40017389053182595,"1.27 	 (0.58, 2.78)",0.5792187764773966,2.780393582953147,C1
rxdiabi,Conditional,2.832404621408794e-4,0.015689902394456737,0.17270430561876363,929,0.016001466902811703,0.019470996643452778,327.88270795926235,23739.20362286381,875.4368630116658,-0.07523771331750256,0.4206463245550298,0.12649690471632774,"1.19 	 (0.93, 1.52)",0.9275229755568383,1.5229455547009718,C1
smokeCurrent,Conditional,1.3633513151969435e-4,0.026185287315067605,0.18580260105291457,929,0.02633525595973927,0.005694596054085534,3067.113225972539,277534.2995133734,918.6764665181437,-0.13226450460724914,0.5038697067130782,0.1622814097786289,"1.20 	 (0.88, 1.66)",0.8761092295015364,1.6551136989034982,C1
smokeFormer,Conditional,9.056073075263147e-5,0.011947629049703952,-0.1203890507375089,929,0.012047245853531847,0.008268844600584817,1519.4999666766603,131629.38407543726,912.9647317379657,-0.33551657095373255,0.09473846947871471,0.10975994649020128,"0.89 	 (0.71, 1.10)",0.714968658901012,1.0993712983765582,C1
vigorous_pa,Conditional,1.8226373175850774e-4,0.03387947054659367,0.05047909335872711,929,0.034079960651528025,0.00588293240665374,2883.1505044680985,260048.76312105812,918.2986825278116,-0.3113468097132037,0.41230499643065793,0.18460758557417956,"1.05 	 (0.73, 1.51)",0.7324598076393933,1.51029500067438,C1
vision_impairment,Conditional,2.7712687614678977e-4,0.02353303261237638,-0.040287586796425245,929,0.02383787217613785,0.01278803584099334,684.3156484402864,55034.4739804816,900.182972176338,-0.34290323797087136,0.26232806437802086,0.1543951818423679,"0.96 	 (0.71, 1.30)",0.709706880915746,1.2999529407354686,C1
wave,Conditional,1.0830385223352034e-5,5.457089577256203e-4,-0.02480326259524098,929,5.576223814713075e-4,0.021364680008455227,280.2901182056393,19717.403518642845,867.2967635537278,-0.07108875088289401,0.021482225692412038,0.02361402933578485,"0.98 	 (0.93, 1.02)",0.931379227730607,1.0217146299058888,C1
(Intercept),Conditional,0.06881166954601632,0.6413023328724943,-3.0086760664945733,929,0.7169951693731123,0.10556952087529153,30.71076356536771,807.5425379039347,409.10006974769857,-4.670777823237427,-1.3465743097517195,0.8467556727729152,"0.05 	 (0.01, 0.26)",0.009364982392399237,0.26012986035529206,L1
age,Conditional,6.034947013645301e-6,5.7630632979374e-5,0.017485212515479694,929,6.426907469438383e-5,0.10329138464459538,31.409353882767576,843.5567615654489,418.680264340483,0.001749997291666864,0.03322042773929252,0.008016799529387263,"1.02 	 (1.00, 1.03)",1.0017515294305432,1.0337783875612374,L1
balance_impairment,Conditional,0.005568871360471193,0.010534500041228623,-0.09215849104320169,929,0.016660258537746934,0.36768688088718793,12.36163454570981,66.57117776982945,59.78165524536692,-0.3498230280749553,0.1655060459885519,0.12907462391092578,"0.91 	 (0.70, 1.18)",0.7048128107622431,1.1799900969045105,L1
bmi,Conditional,6.316017119151372e-6,8.023555434404778e-5,0.016435201517948417,929,8.718317317511429e-5,0.07968990549485584,41.790952856681734,1417.2154749315741,532.5498007800755,-0.0018810031038087004,0.03475140613970553,0.009337193002991547,"1.02 	 (1.00, 1.04)",0.9981207648738321,1.0353622920958474,L1
control_ldl,Conditional,5.579973309563915e-4,0.009899774203381052,-0.04278271373039784,929,0.010513571267433082,0.058381405179925225,61.44400209621588,2640.5440803329293,656.0241411716254,-0.24384116697911218,0.15827573951831653,0.10253570728011331,"0.96 	 (0.78, 1.17)",0.783612087854049,1.1714891760373785,L1
fall_any,Conditional,1.451937663808017e-4,0.009647527958737148,0.6251226000913468,929,0.00980724110175603,0.016285226534329268,446.12217040733873,33935.550690591044,888.0465042576877,0.43101747292579007,0.8192277272569035,0.09903151569957934,"1.87 	 (1.54, 2.27)",1.5388224374522166,2.268747069289357,L1
female,Conditional,1.3813773385746585e-4,0.011514804376154809,-0.012142091798037347,929,0.01166675588339802,0.013024315307689077,662.2305412719596,53055.78031602975,899.422511747934,-0.22384803694060135,0.19956385334452664,0.1080127579658904,"0.99 	 (0.80, 1.22)",0.799436609972276,1.2208701635853263,L1
heavydrinker,Conditional,0.00929766621282787,0.021674871825067978,-0.046553380626451826,929,0.031902304659178635,0.3205860185768151,13.218941925006922,87.5695975006655,76.88025616638032,-0.4015318382027358,0.3084250769498321,0.17861216268546393,"0.95 	 (0.67, 1.36)",0.6692940102421104,1.3612795145133936,L1
hh_size,Conditional,1.3090942308855563e-4,0.011000029719204432,0.1600514990733919,929,0.011144030084601844,0.012921749520075534,671.6738062309703,53901.37859033726,899.7537057527913,-0.046857310097269955,0.3669603082440537,0.10556528825613959,"1.17 	 (0.95, 1.44)",0.9542235459415958,1.4433406292542141,L1
hh_wealthquintileHigh,Conditional,1.9674312769860295e-4,0.02279706344935491,-0.18038559030391085,929,0.023013480889823374,0.009403942041821396,1197.2648542308775,101770.66721434605,910.0771874604151,-0.4777194800915967,0.11694829948377497,0.15170194754789199,"0.83 	 (0.62, 1.12)",0.6201961499493939,1.124061313638051,L1
hh_wealthquintileHighest,Conditional,4.1774980190109915e-4,0.02342993516553203,-0.06869481488721278,929,0.023889459947623242,0.01923546129124309,334.7507415607853,24324.129002428897,876.4167765134059,-0.3716461480571767,0.23425651828275107,0.15456215561263126,"0.93 	 (0.69, 1.26)",0.689598215024759,1.2639686817014153,L1
hh_wealthquintileLow,Conditional,4.6451144911283945e-4,0.02108708083949389,-0.18609337595493156,929,0.02159804343351801,0.02365781861662341,236.56892241418655,16080.2617550572,856.8479118713658,-0.4741567125473438,0.10196996063748073,0.14696272804190186,"0.83 	 (0.62, 1.11)",0.6224097055140202,1.1073502071340044,L1
hh_wealthquintileMedium,Conditional,2.931223550563639e-4,0.020500211686232797,-0.2941144101407442,929,0.0208226462767948,0.015484803721673374,487.25409948729157,37534.540175510396,890.9875721675537,-0.5769473948504229,-0.011281425431065417,0.14430054149861946,"0.75 	 (0.56, 0.99)",0.561610126536833,0.9887819712233129,L1
htn,Conditional,1.692870748291007e-4,0.019301117068631288,0.2070154921176916,929,0.019487332850943298,0.009555734678334744,1162.4526819359583,98563.09761558735,909.6742900301942,-0.06659303347478684,0.48062401771017005,0.1395970374003091,"1.23 	 (0.94, 1.62)",0.9355758719331015,1.617083175954426,L1
iadl_some4,Conditional,2.3422657628890858e-4,0.0024598359754268288,0.1799825461889408,929,0.0027174852093446284,0.09481164167216805,34.38847095784869,1001.1961628103047,456.50918843474466,0.07768693090943563,0.282278161468446,0.05212950421157512,"1.20 	 (1.08, 1.33)",1.0807842455586514,1.3261475518374044,L1
laborforceFormal,Conditional,3.7544549586195753e-4,0.17278834228015588,-0.540678809580194,929,0.17320133232560403,0.0023844507423982546,16516.14078042018,1582944.9033428906,924.2560630516177,-1.3563667421279002,0.27500912296751223,0.4161746416176796,"0.58 	 (0.26, 1.32)",0.25759498782871426,1.316542685588984,L1
laborforceRetired,Conditional,2.246363255126312e-4,0.031001460914277818,-0.12641782637326737,929,0.03124856087234171,0.007907562817800164,1651.47666421543,143931.94962489183,913.8369695197448,-0.4728887179705956,0.22005306522406087,0.17677262478206773,"0.88 	 (0.62, 1.25)",0.6231994182150293,1.2461428556827425,L1
moderate_pa,Conditional,2.9002656535540825e-5,0.01185395458338737,-0.19489247019482522,929,0.011885857505576464,0.002684107745202824,13103.148670909857,1249230.6148513784,923.8345502611422,-0.408572419262175,0.01878747887252452,0.10902227985864386,"0.82 	 (0.66, 1.02)",0.6645983410271971,1.0189650739984977,L1
polypharmacy,Conditional,1.5287586174269264e-5,0.0019344411529888194,-0.10500666810946144,929,0.0019512574977805157,0.008618208929792285,1407.0013809494953,121173.72887457407,912.0996696699041,-0.19158510117570596,-0.01842823504321693,0.04417304039547783,"0.90 	 (0.83, 0.98)",0.8256493583855155,0.9817405266302333,L1
raceWhite,Conditional,0.0012622410247942343,0.1568333817756251,0.23875566725758707,929,0.15822184690289878,0.008775432435229776,1360.6027773815354,116870.64902319282,911.7034734652696,-0.540869434286958,1.0183807688021322,0.39777109862696003,"1.27 	 (0.58, 2.77)",0.5822418112532505,2.7687079540563486,L1
rxdiabi,Conditional,2.8575135491169335e-4,0.01584945713492096,0.16673479184210313,929,0.016163783625323825,0.01944634360920341,328.5904727035484,23799.432361168012,875.5397733659784,-0.08246156712274696,0.4159311508069532,0.1271368696536289,"1.18 	 (0.92, 1.52)",0.9208468279698365,1.5157815049444734,L1
smokeCurrent,Conditional,1.2600794629003014e-4,0.025974136430174505,0.178791704742337,929,0.02611274517109354,0.005308087679439816,3506.715755206276,319423.10979524296,919.4316624564584,-0.13792866952436253,0.4955120790090365,0.16159438471399165,"1.20 	 (0.87, 1.64)",0.8711608298459516,1.6413385188960983,L1
smokeFormer,Conditional,9.768727768452224e-5,0.011887889647912252,-0.11773830550510797,929,0.011995345653365226,0.008958141645783114,1309.650139621153,112151.90607392853,911.2376991948768,-0.33240227775825637,0.09692566674804037,0.10952326535200284,"0.89 	 (0.72, 1.10)",0.7171987517093963,1.1017784718002859,L1
vigorous_pa,Conditional,1.9872926460492489e-4,0.03438952419702531,0.05150157039885113,929,0.03460812638809073,0.006316498865441103,2519.504432812414,225574.32397495356,917.4047063124711,-0.31311757211376906,0.41612071291147124,0.1860325949614495,"1.05 	 (0.73, 1.52)",0.7311639430248774,1.5160688669121494,L1
vision_impairment,Conditional,2.6179159414725466e-4,0.02349038292455582,-0.03703057906397051,929,0.0237783536781178,0.012110626221654163,754.6906733886028,61363.38499106069,902.3137863998808,-0.33926752254366144,0.2652063644157204,0.15420231411401647,"0.96 	 (0.71, 1.30)",0.7122918694654068,1.3036999853061595,L1
wave,Conditional,1.1206099290090597e-5,5.524873586226673e-4,-0.022165523805875553,929,5.64814067841767e-4,0.02182436649675127,270.47431929840457,18895.53605682095,865.2526280157826,-0.06874865351476082,0.02441760590300971,0.023765817213842383,"0.98 	 (0.93, 1.02)",0.9335612979427722,1.0247181569015988,L1
(Intercept),Conditional,0.0709436106813985,0.6421655203348523,-3.0113267445599563,929,0.7202034920843907,0.10835544760229261,29.90630340938845,766.5509186784697,397.71268185806974,-4.677276755448288,-1.345376733671625,0.8486480378133155,"0.05 	 (0.01, 0.26)",0.00930431734919798,0.26044157226588144,J1
age,Conditional,6.698314909241278e-6,5.7871860815383996e-5,0.017459519525309462,929,6.52400072155494e-5,0.11293908009270225,28.689942248766737,705.5925999738696,379.74687425460144,0.0016014363289699497,0.03331760272164897,0.00807712864918898,"1.02 	 (1.00, 1.03)",1.0016027193129087,1.0338788498389402,J1
balance_impairment,Conditional,0.006280849718407155,0.010480030429928129,-0.09419614284501762,929,0.017388965120176,0.3973171860717346,11.937468917480519,57.0122009794744,51.73304723227645,-0.358254482098348,0.1698621964083127,0.13186722534495068,"0.91 	 (0.70, 1.19)",0.6988951960579635,1.185141523308461,J1
bmi,Conditional,6.5762492680940616e-6,7.975398180383514e-5,0.016217749551936538,929,8.69878559987386e-5,0.08315958718431186,39.78482767039118,1301.4211485879664,514.1450829492595,-0.002079318112605616,0.034514817216478685,0.00932672804357126,"1.02 	 (1.00, 1.04)",0.9979228421717355,1.0351173658205752,J1
control_joint2,Conditional,4.82746477361538e-4,0.012932514663413565,-0.05477966576506126,929,0.013463535788511257,0.03944143154065252,106.21806333770736,5785.450346120397,771.6747996096643,-0.2822467301579011,0.1726873986277785,0.11603247730058708,"0.95 	 (0.75, 1.19)",0.7540876054244113,1.1884945219899137,J1
fall_any,Conditional,1.527410086072581e-4,0.00966458761984711,0.6279454953780835,929,0.009832602729315094,0.01708755190190495,410.33147067351143,30823.561379594426,885.0048023501407,0.4335888514302064,0.8223021393259606,0.09915948128804977,"1.87 	 (1.54, 2.28)",1.5427844240905828,2.275732865766836,J1
female,Conditional,1.2572127986527033e-4,0.011602836894578559,-0.006454617682839292,929,0.011741130302430356,0.011778542975813096,793.551341413891,64872.31074127395,903.3313519816836,-0.21883341051787453,0.20592417515219597,0.10835649635545787,"0.99 	 (0.80, 1.23)",0.8034555542501673,1.2286600375028425,J1
heavydrinker,Conditional,0.009058048458251287,0.021731560302525987,-0.04642197488315588,929,0.031695413606602406,0.31436262128476744,13.35399568550375,91.0711260723131,79.65735052720457,-0.4000570664142806,0.30721311664796885,0.17803205780589743,"0.95 	 (0.67, 1.36)",0.6702817943656448,1.3596306971344896,J1
hh_size,Conditional,1.299111829860389e-4,0.011075158336519553,0.16386323940021033,929,0.011218060637804197,0.012738592337705015,689.0878482826799,55462.524105472476,900.3409825178753,-0.043731555637748054,0.3714580344381687,0.10591534656415093,"1.18 	 (0.96, 1.45)",0.9572108808511384,1.4498470011807565,J1
hh_wealthquintileHigh,Conditional,1.6928779990868246e-4,0.02276021474369669,-0.17621050998605278,929,0.02294643132359624,0.00811527410399807,1573.4969144487227,136658.33429908106,913.3382773717151,-0.4731100425861835,0.1206890226140779,0.15148079523027413,"0.84 	 (0.62, 1.13)",0.623061504105815,1.1282739901096805,J1
hh_wealthquintileHighest,Conditional,4.5400101847706e-4,0.023390629766832843,-0.07073308221056143,929,0.02389003088715761,0.02090416386163927,290.7436883137894,20595.716605523474,869.3183428348229,-0.37369076466820994,0.23222460024708705,0.15456400255932043,"0.93 	 (0.69, 1.26)",0.6881896914953725,1.2614030084421755,J1
hh_wealthquintileLow,Conditional,4.8735133351521655e-4,0.02117421203895593,-0.18342776415249773,929,0.021710298505822668,0.024692726667160318,220.50249936231435,14760.613592435135,851.933544429696,-0.4722406737788052,0.10538514547380967,0.14734414988666047,"0.83 	 (0.62, 1.11)",0.623603409866414,1.111138477910333,J1
hh_wealthquintileMedium,Conditional,3.2961398390611064e-4,0.020670664573112885,-0.2863980878038796,929,0.021033239955409608,0.017238208809740214,404.1386606012891,30287.137920969555,884.423362070518,-0.5706599097623776,-0.002136265845381624,0.14502841085597543,"0.75 	 (0.57, 1.00)",0.5651523660523462,0.9978660143465118,J1
htn,Conditional,2.341386340878653e-4,0.019321851368730852,0.1970706118494156,929,0.019579403866227505,0.013154256342855459,650.5716637689968,52012.760946323,899.0005301380395,-0.0771865199120092,0.4713277436108404,0.13992642304521152,"1.22 	 (0.93, 1.60)",0.9257171728171739,1.602119986226532,J1
iadl_some4,Conditional,2.461823875105478e-4,0.0024159534993479117,0.18037584499220957,929,0.0026867541256095145,0.10079099671994327,32.22215644453577,885.9292272934067,429.4768914997221,0.07864426677508521,0.2821074232093339,0.05183390903269321,"1.20 	 (1.08, 1.33)",1.081819414503072,1.3259211470416084,J1
laborforceFormal,Conditional,4.886058490934235e-4,0.1733873401973664,-0.5314189072003916,929,0.17392480663136917,0.0030902229786111957,9956.122873684573,942459.885846537,923.2364891532436,-1.3488090824954608,0.28597126809467743,0.4170429314007962,"0.59 	 (0.26, 1.33)",0.2595491783213985,1.3310542109793098,J1
laborforceRetired,Conditional,2.715297069030528e-4,0.03159408616494833,-0.11906334703479925,929,0.03189276884254169,0.009365216267925473,1206.4111613936805,102614.06392515205,910.1793470502407,-0.46908855817855166,0.23096186410895303,0.17858546649305393,"0.89 	 (0.63, 1.26)",0.6255721811702805,1.2598111945106654,J1
moderate_pa,Conditional,3.081326367561024e-5,0.012057450758887622,-0.18972819988021805,929,0.012091345348930794,0.0028032108144333567,12038.50804053505,1145330.9311138443,923.6623463454126,-0.4052473484877307,0.025790948727294538,0.10996065363997612,"0.83 	 (0.67, 1.03)",0.6668118555545206,1.0261264130171703,J1
polypharmacy,Conditional,1.5140673075500107e-5,0.0019498143160466756,-0.10490127531587451,929,0.0019664690564297257,0.008469363058927594,1453.2708754409507,125470.32092541934,912.4708154809166,-0.19181649635228565,-0.017986054279463384,0.044344887601951655,"0.90 	 (0.83, 0.98)",0.8254583292089064,0.9821747293970873,J1
raceWhite,Conditional,0.0012147088443453039,0.15501024530878504,0.22305693033261095,929,0.15634642503756488,0.008546276184177505,1429.0674026712584,123222.11602695381,912.2795123120748,-0.5519334906545698,0.9980473513197916,0.3954066578063208,"1.25 	 (0.58, 2.71)",0.5758353610498299,2.7129791578455094,J1
rxdiabi,Conditional,2.835115544522693e-4,0.016238773246248558,0.16050646700751167,929,0.016550635956146056,0.01884294420612197,346.744576605391,25348.075095060452,878.0333399362065,-0.0916535191864202,0.4126664532014436,0.128649274992695,"1.17 	 (0.91, 1.51)",0.9124212312343334,1.5108410057009196,J1
smokeCurrent,Conditional,1.0436059620246776e-4,0.026276761384558627,0.183414882096025,929,0.026391558040381343,0.004349749099581989,5136.516553927067,475679.12794061325,921.186786554238,-0.13499146105859397,0.501821225250644,0.16245478768070007,"1.20 	 (0.87, 1.65)",0.8737233723288628,1.6517266994602586,J1
smokeFormer,Conditional,9.035877794318051e-5,0.011944728945523368,-0.11708409073346467,929,0.012044123601260866,0.00825254364934392,1525.0921437719412,132149.90318061176,913.0045770668228,-0.33218372434245214,0.09801554287552279,0.10974572247363842,"0.89 	 (0.72, 1.10)",0.7173555150763535,1.102979928455011,J1
vigorous_pa,Conditional,2.1113539126539608e-4,0.034263050948967234,0.05038882370947106,929,0.03449529987935917,0.006732770296364511,2233.335706568857,198543.15271611983,916.5146814501775,-0.31363574916883774,0.41441339658777987,0.18572910347966246,"1.05 	 (0.73, 1.51)",0.7307851687906423,1.5134826661474368,J1
vision_impairment,Conditional,3.189155213604384e-4,0.023704590373963913,-0.04493349171387767,929,0.024055397447460394,0.014583299829598871,541.561587414032,42318.56179195296,894.1857493158183,-0.3489287299930626,0.2590617465653073,0.15509802528549613,"0.96 	 (0.71, 1.30)",0.7054434054347767,1.295713808235335,J1
wave,Conditional,1.1535595747585282e-5,5.548726285878528e-4,-0.021803218957572597,929,5.675617839101966e-4,0.022357311013652702,259.80376717272117,18005.42482703481,862.8505385692806,-0.06849966823232898,0.02489323031718379,0.023823555232378658,"0.98 	 (0.93, 1.03)",0.9337937699060557,1.0252056537981915,J1
